subreddit,count
AskReddit,65677
politics,39496
worldnews,26377
leagueoflegends,21037
pcmasterrace,18988
funny,17939
news,16891
pics,16154
todayilearned,14161
nfl,14150
nba,14146
GlobalOffensive,13740
AdviceAnimals,13483
videos,12320
gaming,11906
The_Donald,9636
WTF,9558
hockey,8784
soccer,8458
TumblrInAction,7516
atheism,7377
CFB,7048
movies,6550
DotA2,5981
technology,5693
creepyPMs,5466
india,5299
gifs,5267
DestinyTheGame,5031
SquaredCircle,4885
australia,4495
hearthstone,4436
europe,4401
Overwatch,4161
canada,3993
Showerthoughts,3906
wow,3674
baseball,3626
MMA,3621
Android,3568
fivenightsatfreddys,3461
Smite,3409
MensRights,3356
KotakuInAction,3178
conspiracy,3160
2007scape,3148
smashbros,2954
trees,2791
SandersForPresident,2756
formula1,2647
hiphopheads,2603
xboxone,2579
Libertarian,2562
unitedkingdom,2541
exmormon,2532
pokemon,2532
nottheonion,2514
tf2,2507
aww,2493
mildlyinteresting,2416
cringepics,2402
SubredditDrama,2362
fatlogic,2356
Bitcoin,2351
teenagers,2346
magicTCG,2335
pokemongo,2328
fantasyfootball,2274
guns,2087
childfree,2036
PS4,2035
TrollXChromosomes,2026
CODZombies,2014
relationships,2000
Christianity,1931
runescape,1912
AskMen,1895
Conservative,1881
BlackPeopleTwitter,1831
CoDCompetitive,1823
hillaryclinton,1816
cars,1812
apple,1793
heroesofthestorm,1791
CringeAnarchy,1785
starcraft,1711
bravefrontier,1697
explainlikeimfive,1694
anime,1690
television,1638
BigBrother,1632
pathofexile,1578
TwoXChromosomes,1560
Rainbow6,1543
Monstercat,1518
Music,1496
halo,1494
Planetside,1491
Fitness,1489
Minecraft,1483
Fallout,1477
Futurology,1474
ukpolitics,1472
NoMansSkyTheGame,1471
forwardsfromgrandma,1468
Eve,1463
FIFA,1455
Warthunder,1443
toronto,1442
tifu,1430
electronic_cigarette,1409
EnoughTrumpSpam,1404
MLS,1385
NASCAR,1384
Jokes,1378
blackops3,1355
Philippines,1348
Games,1341
motorcycles,1337
pcgaming,1328
IAmA,1324
PoliticalDiscussion,1319
Guildwars2,1316
ClashRoyale,1313
StarWars,1312
ShitRedditSays,1284
reddit.com,1273
thedivision,1271
facepalm,1268
AskWomen,1264
reddevils,1258
MaddenUltimateTeam,1253
Gunners,1245
CollegeBasketball,1235
bodybuilding,1227
whowouldwin,1199
cringe,1195
asoiaf,1176
ProtectAndServe,1175
fireemblem,1170
LifeProTips,1149
Patriots,1141
Justrolledintotheshop,1134
science,1126
fatpeoplehate,1088
Warframe,1084
starcitizen,1084
4chan,1074
RocketLeague,1066
csgobetting,1060
streetwear,1015
WorldofTanks,1013
GrandTheftAutoV,1010
dayz,1002
amiibo,993
newzealand,985
sports,984
ImGoingToHellForThis,977
MapPorn,960
jailbreak,957
LiverpoolFC,956
gameofthrones,947
interestingasfuck,939
ffxiv,928
EliteDangerous,924
programming,918
niceguys,910
Bad_Cop_No_Donut,902
Drugs,901
Roadcam,898
rage,886
marvelstudios,885
Seattle,883
OldSchoolCool,881
dataisbeautiful,878
fo4,877
justneckbeardthings,871
thatHappened,870
yugioh,864
trashy,853
Anarcho_Capitalism,847
GamerGhazi,846
TheBluePill,843
lewronggeneration,837
skyrim,834
DC_Cinematic,828
iamverysmart,828
sysadmin,820
stevenuniverse,806
nintendo,801
darksouls3,796
oculus,795
civ,795
socialism,791
italy,791
roosterteeth,791
buildapc,785
ClashOfClans,784
JusticePorn,783
food,783
OkCupid,783
vancouver,781
reactiongifs,781
fffffffuuuuuuuuuuuu,777
Sneakers,767
PublicFreakout,758
Austin,750
Economics,749
RotMG,748
woahdude,745
GlobalOffensiveTrade,743
worldpolitics,739
eagles,732
comicbooks,725
me_irl,710
thenetherlands,710
books,704
FULLCOMMUNISM,700
Portland,691
creepy,688
Israel,678
minnesotavikings,671
Tinder,668
chicago,664
conspiratard,663
battlefield_4,662
ireland,655
bindingofisaac,655
bestof,654
paydaytheheist,653
bicycling,651
RoastMe,645
vegan,644
polandball,642
Documentaries,641
Steam,640
space,634
TalesFromRetail,633
osugame,631
sex,627
islam,626
Cardinals,620
linux,616
talesfromtechsupport,616
Anarchism,615
argentina,612
Calgary,605
summonerswar,603
mildlyinfuriating,603
leafs,600
OpTicGaming,592
Diablo,591
Seahawks,591
PKA,589
CasualConversation,588
Amd,586
MechanicalKeyboards,583
battlefield_one,577
TheRedPill,575
offbeat,574
gamegrumps,572
AirForce,568
gadgets,563
houston,557
syriancivilwar,549
rupaulsdragrace,548
WorldOfWarships,545
progun,541
nyc,536
Catholicism,536
legaladvice,536
AFL,534
thewalkingdead,533
watchpeopledie,532
malefashionadvice,532
CFBOffTopic,527
RWBY,525
TrueReddit,520
StarWarsBattlefront,511
Fireteams,510
Marvel,510
britishproblems,510
playrust,508
RocketLeagueExchange,508
iphone,507
exmuslim,506
KerbalSpaceProgram,505
UpliftingNews,504
Military,503
Vive,503
UkrainianConflict,500
GreenBayPackers,495
Cricket,493
clevelandcavs,492
Atlanta,487
Romania,486
Undertale,485
Winnipeg,484
ShitAmericansSay,483
survivor,482
metalgearsolid,480
melbourne,479
buildapcsales,478
windowsphone,475
Firearms,471
eu4,471
ottawa,468
DIY,463
titanfall,460
CrappyDesign,458
chelseafc,458
personalfinance,448
EnoughLibertarianSpam,448
Shitty_Car_Mods,446
wiiu,443
Unexpected,443
FlashTV,441
Browns,440
Frugal,440
army,438
OnePiece,436
rugbyunion,427
european,422
3DS,420
mindcrack,420
canucks,419
circlejerk,419
Battlefield,419
NHLHUT,412
cowboys,411
techsupportgore,409
NoStupidQuestions,408
LateStageCapitalism,406
quityourbullshit,406
DarkSouls2,406
DCcomics,405
49ers,404
ProgrammerHumor,402
h1z1,401
sydney,401
Boxing,399
dbz,399
elderscrollsonline,396
witcher,395
BostonBruins,395
MLPLounge,395
CHIBears,394
summonerschool,393
OutOfTheLoop,392
airsoft,391
swtor,390
sanfrancisco,388
boston,388
CodAW,388
PuzzleAndDragons,385
LosAngeles,385
oddlysatisfying,380
singapore,378
indonesia,378
DnD,375
malaysia,372
uncensorednews,368
casualiama,365
im14andthisisdeep,364
raisedbynarcissists,364
Infinitewarfare,362
environment,359
NBA2k,358
skeptic,357
DBZDokkanBattle,356
CCW,356
photography,352
btc,351
Guitar,350
golf,349
BravoRealHousewives,347
youtubehaiku,340
Torontobluejays,338
paragon,338
ForeverAlone,337
MonsterHunter,336
enoughsandersspam,335
kpop,335
warriors,333
blackdesertonline,333
China,333
teslamotors,331
Whatcouldgowrong,330
investing,329
supremeclothing,329
h3h3productions,329
detroitlions,328
GetMotivated,327
MGTOW,326
Naruto,326
NewYorkMets,326
changemyview,323
DenverBroncos,322
arrow,322
lgbt,322
MilitaryPorn,321
hardwareswap,321
DetroitRedWings,320
funkopop,319
russia,319
headphones,319
HistoryPorn,319
TheLastAirbender,319
DarkNetMarkets,317
bladeandsoul,317
Scotland,316
MURICA,315
askgaybros,314
PurplePillDebate,314
comics,314
paradoxplaza,313
de,313
gonewild,312
gaybros,310
fatpeoplestories,309
deadbydaylight,308
fnafcringe,308
GunsAreCool,307
MakeupAddiction,306
business,306
aviation,306
CrusaderKings,305
harrypotter,305
feedthebeast,302
manga,301
mylittlepony,301
relationship_advice,300
panthers,299
MorbidReality,297
MakingaMurderer,296
darksouls,296
bjj,296
EarthPorn,296
furry,294
splatoon,293
coys,293
Kanye,293
Flyers,292
Autos,290
totalwar,289
Shitstatistssay,289
Habs,287
DebateReligion,287
Terraria,285
ShitPoliticsSays,285
chicagobulls,285
rickandmorty,285
lakers,284
texas,281
washingtondc,281
vexillology,281
asktransgender,280
gtaonline,280
pussypassdenied,280
wallstreetbets,280
TickTockManitowoc,279
belgium,279
CHICubs,278
PoliticalHumor,278
serialpodcast,278
GameDeals,277
battlestations,276
startrek,276
StreetFighter,276
TheSilphRoad,274
ar15,273
dotamasterrace,273
nrl,272
linuxmasterrace,272
history,270
JUSTNOMIL,268
subaru,265
SSBPM,264
TwoBestFriendsPlay,263
ainbow,261
flying,260
doctorwho,259
counting,258
lostgeneration,258
pettyrevenge,257
badhistory,257
nvidia,256
exjw,256
london,256
philadelphia,254
HillaryForPrison,253
NYGiants,253
techsupport,252
Judaism,250
Windows10,250
lego,250
battlefield3,247
steelers,246
Civcraft,246
OSHA,245
Toontown,245
hardware,245
nyjets,245
playark,243
scifi,243
boardgames,243
masseffect,242
tmobile,242
Aleague,241
SRSsucks,239
ravens,238
heat,238
discgolf,238
AmIFreeToGo,236
CanadaPolitics,236
shittyfoodporn,234
geek,234
Colts,229
self,229
Yogscast,229
hawks,228
NintendoSwitch,228
Denver,228
InternetIsBeautiful,227
spacex,226
batman,226
buffalobills,225
forza,225
StLouis,224
DoesAnybodyElse,223
Texans,223
Dodgers,223
shittyaskscience,223
GrandTheftAutoV_PC,222
Maplestory,222
Art,221
OutreachHPG,221
FFRecordKeeper,220
nsfw,219
unturned,218
EDH,218
economy,218
devils,217
Turkey,216
vita,215
entertainment,214
keto,214
tumblr,214
CalgaryFlames,214
NorthCarolina,213
opiates,212
poker,212
gunpolitics,212
collapse,212
AgainstGamerGate,212
GenderCritical,211
westworld,210
rangers,210
beer,209
progressive,209
Celebs,209
EDC,208
fakeid,208
gentlemanboners,208
offmychest,208
teenmom,207
wisconsin,207
TopGear,207
MMORPG,206
Chargers,205
redsox,204
brisbane,204
Metal,204
Redskins,203
southpark,203
customhearthstone,202
baltimore,202
CitiesSkylines,202
penguins,201
MaddenMobileForums,200
Cynicalbrit,199
montreal,199
CombatFootage,198
bayarea,198
FinalFantasy,197
Kappa,196
homestuck,196
Competitiveoverwatch,196
Dallas,196
CivilizatonExperiment,195
CrazyIdeas,194
Edmonton,194
Multicopter,194
oaklandraiders,194
BMW,193
KingdomHearts,193
Paladins,193
webdev,193
Republican,192
Xcom,192
fantasybaseball,192
southafrica,191
vainglorygame,191
short,191
oneplus,191
breakingbad,190
thebutton,190
radiohead,189
pokemontrades,189
alberta,188
nonononoyes,187
TheFacebookDelusion,187
weekendgunnit,187
tennis,185
cats,185
climateskeptics,185
Homebrewing,184
longboarding,184
carporn,183
Drama,183
pittsburgh,183
nononono,182
opieandanthony,182
Jeep,182
arabs,181
TopMindsOfReddit,181
indieheads,181
gamernews,181
OnePieceTC,181
canadaguns,181
ApocalypseRising,181
rva,181
firstworldanarchists,180
ShitWehraboosSay,180
MortalKombat,180
woodworking,180
NoFap,179
anime_irl,179
RealGirls,178
Cooking,178
bloodborne,178
archeage,177
sandiego,177
Robocraft,177
promos,176
MLBTheShow,176
starbucks,175
Metalcore,175
Xenoblade_Chronicles,175
lifehacks,175
instant_regret,174
math,174
bengals,174
circlebroke,174
Political_Revolution,173
assassinscreed,173
Aquariums,173
energy,172
cordcutters,172
Vaping,171
SFGiants,171
circlebroke2,170
KCRoyals,170
Dirtybomb,170
natureismetal,169
againstmensrights,169
Random_Acts_Of_Amazon,169
Toonami,168
bostonceltics,168
terriblefacebookmemes,166
JonTron,166
whatisthisthing,166
web_design,166
BloodGulchRP,165
CapitalismVSocialism,164
nerdcubed,164
AskOuija,163
pakistan,163
CallOfDuty,163
twitchplayspokemon,163
steroids,163
YouShouldKnow,163
sixers,163
edmproduction,163
zelda,162
climbing,162
Negareddit,161
tall,161
crossfit,161
miamidolphins,161
cigars,161
NSFW_GIF,160
mexico,160
minnesota,159
Repsneakers,159
Kossacks_for_Sanders,159
dogecoin,159
holdmybeer,159
torontoraptors,159
arma,158
cscareerquestions,158
funhaus,158
BabyBumps,157
rpg,157
AndroidMasterRace,156
newjersey,156
japan,156
Cyberpunk,156
falcons,156
confession,155
metacanada,155
FellowKids,155
California,155
starterpacks,155
gamecollecting,154
FantasyPL,154
Parenting,154
Stellaris,154
perth,154
WritingPrompts,154
SSBM,154
running,153
KitchenConfidential,153
Trucks,153
northernireland,153
Battleborn,153
AskScienceFiction,152
BitcoinMarkets,152
badwomensanatomy,152
vinyl,151
Brawlhalla,151
StardustCrusaders,150
HighQualityGifs,150
travel,150
CODGhosts,149
softwaregore,149
TrollYChromosome,148
Silverbugs,148
olympics,148
HalfLife,148
worldpowers,147
fairytail,147
FiftyFifty,147
ems,147
LivestreamFail,146
breakingmom,146
truegaming,146
NetflixBestOf,146
blackops2,145
WildStar,145
JoeRogan,145
gallifrey,145
SWGalaxyOfHeroes,145
churning,145
brasil,145
CruciblePlaybook,145
AskTrumpSupporters,144
NYKnicks,143
TheSimpsons,143
GTAV,143
wildhockey,143
CLG,143
StarWarsLeaks,143
friendsafari,142
ModernMagic,142
Cubers,141
halifax,141
community,140
PictureGame,140
Nexus6P,140
medicine,139
TeamSolomid,139
medicalschool,139
actuallesbians,139
WeAreTheMusicMakers,139
philosophy,139
standupshots,138
rockets,138
Accounting,138
occupywallstreet,138
FFBraveExvius,137
FoodPorn,137
Gamingcirclejerk,137
stlouisblues,137
ColoradoAvalanche,137
seduction,136
SeattleWA,136
askscience,136
Warhammer40k,136
networking,136
TownofSalemgame,135
diablo3,135
EmeraldPS2,135
Frat,135
shield,134
asktrp,134
Watches,134
WayOfTheBern,134
StreetFights,133
fireemblemcasual,133
germany,132
drunk,132
sto,132
GearsOfWar,131
nashville,131
privacy,131
TalesFromYourServer,130
QuotesPorn,130
DerekSmart,130
Enough_Sanders_Spam,129
AnimalsBeingJerks,129
punchablefaces,129
badeconomics,129
tech,129
buccaneers,129
Brunei,128
korea,128
EngineeringStudents,128
nursing,128
ultrahardcore,127
spaceengineers,127
Liberal,127
tattoos,127
MillerPlanetside,126
Surface,126
hcfactions,126
frugalmalefashion,126
paintball,126
FFXV,126
PropagandaPosters,126
Entrepreneur,126
androidcirclejerk,125
meirl,125
gundeals,125
inthenews,125
vaporents,125
ronpaul,124
KansasCityChiefs,124
law,124
Braves,124
Barca,123
financialindependence,123
TrueAtheism,123
Health,123
CalamariRaceTeam,123
democrats,123
POLITIC,122
Fantasy,122
firstworldproblems,122
3Dprinting,122
NintendoNX,122
france,122
KenM,122
Columbus,121
JusticeServed,121
Nationals,121
TheCreatures,121
WorldofTanksConsole,121
knifeclub,121
trap,120
powerlifting,120
wargame,120
electricians,120
roblox,120
WikiLeaks,119
google,119
Diepio,119
EnoughPaulSpam,119
vzla,118
gravityfalls,118
skrillex,117
FloridaMan,117
Pathfinder_RPG,117
GirlGamers,116
onewordeach,116
Foodforthought,116
tipofmytongue,116
writing,116
IASIP,116
TagPro,116
nosleep,115
PhantomForces,115
loseit,115
Michigan,114
Buttcoin,114
popheads,113
AMA,113
photoshopbattles,113
AppleWatch,113
shitpost,113
pebble,113
StardewValley,112
Filmmakers,112
gardening,112
DunderMifflin,112
dankmemes,112
motogp,111
OttawaSenators,111
notinteresting,111
PvZGardenWarfare,111
3dshacks,111
Mariners,111
Tennesseetitans,110
GenderCynical,110
announcements,110
cincinnati,110
freebies,110
Flipping,110
NewOrleans,109
FashionReps,109
ShitRConservativeSays,109
realmadrid,109
badphilosophy,109
kansascity,109
nova,109
ScenesFromAHat,108
beards,108
androidapps,108
linux_gaming,108
FifaCareers,108
Damnthatsinteresting,108
bleach,108
walmart,108
ShitLiberalsSay,108
Eminem,107
dubai,107
electronicmusic,107
factorio,107
AskAnAmerican,107
borussiadortmund,106
INTP,106
blackladies,106
patientgamers,106
starbound,106
sanantonio,105
dogs,105
cripplingalcoholism,105
rant,105
AmericanHorrorStory,105
blunderyears,105
dwarffortress,105
Rateme,104
Doom,104
horror,104
Fishing,104
Megaten,104
fountainpens,104
skyrimmods,104
phoenix,103
timberwolves,103
oldpeoplefacebook,103
GaryJohnson,103
Saints,103
FrankOcean,102
badtattoos,102
uwaterloo,102
AnythingGoesNews,102
CatsStandingUp,102
Reformed,102
depression,102
windows,102
wowservers,102
minimalism,102
WWE,101
BasicIncome,101
hcteams,101
GamePhysics,101
Coffee,101
learnprogramming,101
Jaguars,101
wicked_edge,100
libertarianmeme,100
HongKong,100
doublespeakprivilege,100
Borderlands,100
howardstern,100
MCFC,100
SaltLakeCity,100
